run_id,experiment,variant,device,device_name,model_name,model_source,batch_size,seq_label,seq_length,precision,compiled,requested_compiled,warmup_runs,measure_runs,mean_latency_ms,std_latency_ms,samples_per_sec,tokens_per_sec,peak_memory_mb,avg_memory_mb,quality_loss,quality_perplexity,profile_trace_path,profile_summary_path,notes
suite_20260424_234415,precision,cpu_fp32,cpu,CPU,distilgpt2,huggingface,4,medium,128,fp32,False,False,3,10,166.91611999958695,5.482681815293091,23.964132403807962,3067.408947687419,2182.959104,2182.5142784,7.860907196998596,2593.8724616604254,,,
suite_20260424_234415,precision,cpu_int8_dynamic,cpu,CPU,distilgpt2,huggingface,4,medium,128,int8_dynamic,False,False,3,10,118.2415499988565,2.504848046102254,33.829055860978514,4330.11915020525,2479.398912,2478.8471808,8.314358115196228,4082.064381103222,,,
suite_20260424_234415,precision,cuda_fp32,cuda,NVIDIA GeForce RTX 5060 Laptop GPU,distilgpt2,huggingface,4,medium,128,fp32,False,False,3,10,14.870560000053956,0.37320437067616996,268.9878525076047,34430.4451209734,443.539456,338.681856,7.860914468765259,2593.8913237642996,,,
suite_20260424_234415,precision,cuda_fp16,cuda,NVIDIA GeForce RTX 5060 Laptop GPU,distilgpt2,huggingface,4,medium,128,fp16,False,False,3,10,16.5325899994059,4.527398924580217,241.946361710037,30969.134298884735,561.56416,509.722624,7.861920118331909,2596.501181531195,,,
suite_20260424_234415,precision,cuda_bf16,cuda,NVIDIA GeForce RTX 5060 Laptop GPU,distilgpt2,huggingface,4,medium,128,bf16,False,False,3,10,12.031610000121873,7.616912899420026,332.4575846424113,42554.570834228645,729.590272,677.748736,7.884815096855164,2656.633760703768,,,
